id,Output
1,p
4,e
6,e
8,p
9,p
12,e
14,p
15,e
17,e
18,e
20,p
22,p
23,e
29,p
30,p
31,p
32,e
33,e
34,e
36,e
37,p
38,e
39,e
42,p
44,e
45,p
48,e
49,e
50,p
51,p
57,e
59,p
64,e
65,e
66,p
67,p
69,e
70,e
72,p
84,e
85,e
87,e
88,e
90,e
95,p
96,e
98,p
104,p
108,e
109,e
113,p
114,e
117,p
118,e
119,p
121,e
122,p
124,p
125,p
130,e
133,e
134,p
135,p
137,e
138,e
140,p
142,e
143,p
144,e
147,e
148,e
152,p
154,p
156,e
157,p
158,e
159,e
161,p
162,e
166,p
167,e
170,e
172,e
173,e
176,e
185,e
187,e
188,e
189,e
190,p
191,p
192,p
194,e
195,p
196,p
200,e
202,e
203,e
204,e
206,p
210,p
211,e
214,e
217,e
218,p
219,e
220,p
221,p
223,p
224,p
226,p
227,e
229,e
230,p
233,p
234,p
235,p
238,e
240,e
241,p
242,p
244,p
245,e
246,p
247,p
249,p
252,p
253,p
257,e
258,e
260,p
261,p
263,e
265,p
269,e
271,e
272,p
273,e
274,e
276,e
277,p
282,p
283,e
285,p
286,p
287,e
289,e
290,e
291,e
294,e
295,p
296,e
298,e
302,p
304,p
308,e
311,p
313,e
314,p
317,p
318,p
320,e
321,p
322,p
325,p
326,e
333,p
342,e
345,p
346,p
347,p
348,e
349,e
352,p
353,e
356,e
357,p
361,p
364,e
365,p
366,p
368,e
369,e
371,p
376,p
378,e
379,p
380,e
381,p
382,p
383,p
384,p
388,e
393,e
394,e
396,e
398,e
401,p
402,p
405,e
406,e
408,e
409,p
410,e
413,p
414,e
415,e
418,e
420,e
422,p
428,e
429,p
435,e
439,p
440,e
441,p
443,e
444,e
446,e
450,p
451,p
452,e
453,e
454,p
456,e
457,p
461,p
462,e
463,e
464,p
465,e
467,p
468,e
470,p
471,e
472,e
474,p
475,e
476,e
479,e
480,e
481,e
483,e
487,p
488,e
489,p
491,p
495,e
496,p
498,p
499,p
500,e
502,e
507,p
509,p
514,e
517,e
519,p
520,e
521,e
522,e
526,p
527,e
528,p
530,e
531,e
532,p
533,p
534,e
535,e
538,p
539,e
541,p
543,e
545,e
546,e
548,p
549,e
552,p
554,e
555,p
556,e
557,e
558,e
559,e
561,e
562,p
565,p
567,e
569,p
570,p
572,e
574,p
575,p
576,e
578,p
579,e
581,e
582,e
584,p
587,p
593,p
596,e
597,p
598,p
599,p
601,e
607,e
608,p
613,e
616,p
619,e
620,p
621,p
624,e
628,p
629,p
630,p
633,p
634,e
635,e
636,p
639,p
641,p
642,e
643,e
646,p
648,e
649,p
651,e
655,e
658,p
660,e
661,e
666,e
667,e
668,e
669,p
675,e
678,e
682,p
683,e
684,e
685,p
687,p
689,p
690,p
692,p
693,p
695,p
700,p
704,p
708,p
710,p
713,p
716,e
718,p
719,e
720,p
722,e
723,p
725,e
726,p
727,p
728,p
729,p
731,p
733,e
735,p
737,p
743,p
745,e
747,e
748,e
751,e
758,p
760,p
763,e
768,e
771,e
773,e
775,e
776,e
779,e
780,e
783,e
788,e
789,e
792,e
793,p
794,p
799,e
800,e
803,p
806,e
811,e
812,p
813,e
817,p
818,p
825,e
826,p
828,e
829,p
831,p
832,e
834,e
836,p
840,p
841,p
842,p
843,e
844,e
847,p
849,e
850,p
852,p
854,p
856,e
861,p
862,e
863,e
864,e
865,p
866,e
867,p
868,e
871,p
872,p
873,e
874,e
875,p
878,e
880,p
882,e
883,e
888,p
890,p
891,e
892,e
893,e
895,e
896,p
898,p
899,e
900,e
906,e
910,e
912,p
913,p
914,e
916,e
917,e
918,e
921,e
923,e
925,e
927,p
930,p
933,e
938,p
939,e
942,e
944,p
949,e
951,e
953,e
955,p
958,e
962,p
963,e
965,p
971,e
976,e
977,p
978,p
979,p
980,e
982,e
983,p
984,e
985,e
987,p
989,p
990,e
991,p
992,p
993,e
994,p
995,e
996,p
1001,p
1002,p
1003,p
1005,p
1008,e
1011,e
1012,e
1013,e
1014,e
1019,e
1021,p
1022,p
1027,p
1029,p
1031,p
1034,e
1035,p
1036,e
1037,p
1041,e
1042,p
1043,p
1044,e
1045,e
1046,p
1047,e
1049,p
1050,e
1051,p
1058,p
1060,p
1061,e
1063,e
1065,e
1066,p
1067,e
1069,p
1070,e
1073,p
1075,e
1081,e
1082,p
1083,e
1084,e
1085,e
1086,p
1087,e
1089,e
1091,p
1095,e
1096,e
1098,p
1103,e
1104,p
1106,e
1108,e
1109,e
1112,p
1114,e
1115,e
1116,p
1118,p
1119,e
1120,e
1121,p
1122,p
1123,p
1127,e
1129,p
1132,e
1136,e
1139,e
1140,p
1141,e
1142,p
1143,p
1145,p
1148,e
1149,p
1150,p
1151,e
1155,e
1156,p
1160,e
1161,e
1163,e
1165,p
1168,e
1170,p
1171,e
1172,e
1173,p
1176,e
1177,p
1180,e
1182,e
1184,p
1185,e
1189,e
1191,p
1192,p
1194,e
1196,e
1197,p
1202,p
1203,p
1206,e
1212,e
1213,p
1216,e
1220,p
1223,e
1224,e
1225,p
1231,p
1232,p
1234,e
1235,e
1236,e
1237,e
1238,p
1240,p
1245,p
1246,e
1247,e
1248,e
1250,p
1255,e
1259,e
1261,e
1262,p
1265,p
1267,e
1270,p
1272,e
1273,e
1274,e
1275,p
1276,e
1277,e
1278,e
1279,p
1280,e
1281,p
1282,e
1283,p
1284,e
1285,e
1288,p
1290,p
1292,p
1293,e
1294,p
1295,e
1298,e
1299,e
1302,p
1303,p
1304,p
1309,e
1313,e
1314,p
1315,p
1318,p
1319,p
1326,p
1327,p
1328,p
1329,e
1330,e
1332,e
1334,e
1336,p
1338,e
1341,e
1343,e
1346,e
1349,p
1351,p
1352,p
1357,p
1358,p
1359,p
1361,p
1362,e
1363,p
1364,p
1367,p
1368,e
1369,p
1370,e
1371,e
1373,p
1376,e
1377,e
1379,e
1380,p
1382,e
1386,p
1387,e
1388,p
1389,p
1390,p
1391,e
1393,e
1395,e
1398,p
1399,p
1405,p
1406,e
1410,e
1411,p
1413,e
1414,e
1418,e
1419,p
1420,p
1421,e
1422,p
1424,e
1425,e
1427,e
1428,p
1430,p
1431,p
1432,p
1433,p
1437,e
1441,e
1442,p
1444,e
1448,p
1450,e
1452,e
1453,e
1454,p
1455,p
1456,p
1457,e
1458,e
1460,p
1461,p
1464,e
1465,e
1467,p
1470,p
1471,e
1473,e
1475,p
1476,p
1478,p
1480,p
1482,p
1484,p
1485,e
1487,p
1489,p
1490,p
1491,p
1493,p
1495,p
1496,p
1497,e
1499,e
1500,p
1504,e
1505,p
1507,p
1509,e
1511,p
1513,e
1514,p
1515,p
1516,p
1519,e
1520,p
1521,e
1523,e
1524,e
1525,p
1526,p
1528,e
1529,e
1531,p
1533,e
1536,e
1540,e
1542,e
1544,p
1545,e
1547,e
1551,e
1554,p
1555,p
1556,e
1559,e
1563,e
1564,p
1567,p
1568,e
1569,p
1570,e
1571,p
1573,e
1578,e
1580,p
1581,p
1585,e
1586,e
1587,e
1590,e
1593,e
1595,p
1596,e
1597,e
1601,e
1606,p
1607,p
1615,e
1619,e
1620,e
1621,e
1622,e
1624,e
1625,e
1632,e
1633,p
1636,e
1640,p
1642,e
1643,p
1644,p
1649,e
1651,e
1652,e
1654,e
1656,e
1657,p
1658,p
1662,p
1665,p
1666,e
1668,e
1669,p
1670,p
1673,p
1675,p
1678,e
1680,p
1683,e
1687,p
1688,p
1691,e
1692,p
1695,e
1696,p
1698,e
1699,p
1700,p
1702,p
1705,p
1706,p
1708,p
1709,e
1710,e
1712,p
1715,e
1718,p
1721,e
1722,p
1726,e
1727,p
1732,p
1733,p
1736,e
1737,e
1738,e
1741,e
1742,p
1744,e
1746,e
1748,e
1749,e
1750,e
1751,e
1752,e
1753,e
1754,e
1755,p
1760,e
1761,e
1763,p
1765,p
1766,p
1767,e
1768,e
1771,e
1772,p
1774,p
1775,e
1778,e
1783,e
1784,p
1785,p
1786,e
1788,e
1789,p
1790,p
1791,p
1800,p
1803,p
1804,e
1806,e
1811,p
1812,e
1813,e
1814,e
1815,p
1816,p
1817,p
1819,e
1824,e
1826,p
1828,e
1829,e
1830,p
1831,e
1833,e
1835,p
1837,e
1839,p
1840,e
1843,e
1845,e
1846,p
1848,p
1850,e
1852,p
1853,e
1854,e
1855,p
1856,p
1859,e
1861,e
1864,p
1865,p
1867,p
1869,p
1870,p
1872,e
1875,e
1878,p
1881,p
1887,p
1888,e
1889,e
1891,e
1892,e
1893,e
1900,e
1902,p
1906,p
1912,e
1914,e
1916,p
1917,e
1921,e
1922,e
1926,e
1928,e
1930,p
1931,p
1933,p
1934,p
1936,e
1939,e
1940,p
1941,p
1942,e
1943,p
1946,e
1949,e
1951,e
1952,e
1953,e
1955,p
1957,e
1958,e
1961,e
1965,e
1969,p
1972,e
1974,e
1976,e
1977,e
1978,e
1979,e
1982,p
1983,p
1984,e
1985,e
1986,e
1989,e
1990,e
1994,e
1995,p
1996,p
1997,p
1998,e
2000,e
2001,p
2004,p
2006,p
2009,p
2011,e
2012,p
2013,e
2014,p
2016,p
2017,e
2019,e
2026,p
2027,p
2029,e
2030,e
2031,e
2032,p
2033,e
2036,p
2038,p
2039,e
2041,p
2043,e
2044,p
2048,p
2049,e
2055,p
2058,e
2060,p
2063,p
2065,e
2066,p
2067,e
2070,e
2071,p
2075,p
2076,p
2078,p
2079,e
2080,e
2081,p
2087,p
2088,e
2089,e
2090,e
2091,p
2092,e
2095,p
2100,p
2101,p
2102,e
2103,p
2104,p
2106,e
2108,e
2111,p
2112,e
2115,e
2118,p
2122,p
2124,p
2125,p
2126,e
2131,p
2132,e
2133,e
2134,p
2137,p
2139,e
2140,e
2141,e
2142,e
2147,e
2148,e
2149,p
2150,e
2152,e
2154,p
2161,p
2162,e
2164,p
2165,e
2166,e
2171,p
2172,e
2175,e
2177,e
2178,e
2179,p
2182,e
2183,p
2184,e
2188,e
2189,e
2190,e
2193,e
2194,p
2196,e
2200,p
2201,e
2203,p
2204,e
2207,e
2210,p
2211,p
2212,e
2213,p
2214,e
2215,e
2216,p
2217,p
2223,p
2224,p
2228,e
2229,e
2232,p
2234,e
2235,p
2239,p
2240,e
2241,p
2242,p
2243,e
2244,p
2247,p
2249,p
2250,e
2252,p
2259,e
2260,p
2262,p
2263,e
2265,e
2266,e
2267,p
2268,e
2270,e
2272,p
2275,p
2277,p
2278,e
2279,e
2284,p
2285,e
2287,e
2290,e
2293,e
2294,p
2300,e
2301,p
2303,e
2306,e
2308,e
2310,e
2311,p
2315,p
2318,p
2323,e
2325,p
2328,e
2329,p
2332,e
2334,e
2337,p
2339,e
2340,p
2343,p
2345,e
2346,p
2350,p
2351,p
2355,e
2357,p
2358,e
2359,e
2364,p
2367,p
2368,p
2369,e
2372,e
2373,p
2374,p
2377,p
2378,e
2379,p
2381,p
2382,e
2384,e
2385,e
2388,p
2393,e
2394,e
2396,e
2397,e
2399,e
2400,p
2401,p
2402,p
2404,p
2406,e
2407,p
2411,p
2412,p
2417,e
2419,p
2420,p
2423,p
2425,e
2426,p
2429,p
2433,p
2434,e
2436,p
2440,e
2443,p
2447,p
2448,p
2450,p
2453,p
2455,e
2456,e
2457,p
2459,p
2460,e
2462,e
2464,e
2465,p
2468,e
2470,p
2472,e
2475,p
2476,e
2478,p
2480,p
2481,p
2483,p
2484,e
2488,e
2490,p
2491,p
2493,e
2498,e
2500,e
2501,p
2505,e
2509,e
2513,e
2516,e
2518,p
2519,e
2521,p
2525,p
2526,p
2527,e
2528,p
2529,e
2530,e
2531,p
2533,e
2534,p
2535,e
2537,p
2539,e
2542,p
2543,e
2545,p
2549,p
2550,p
2551,p
2552,e
2553,p
2554,e
2559,e
2560,p
2563,p
2564,p
2565,p
2566,e
2568,e
2569,p
2570,p
2571,e
2572,e
2574,p
2577,e
2578,p
2579,e
2580,p
2584,e
2585,e
2586,e
2587,e
2588,p
2590,p
2591,p
2592,e
2600,e
2601,p
2602,p
2604,e
2606,e
2608,e
2611,e
2612,p
2613,e
2615,p
2616,p
2617,e
2618,p
2619,e
2620,e
2621,e
2623,e
2625,e
2626,e
2629,e
2630,p
2631,e
2632,e
2635,p
2636,e
2639,p
2640,p
2641,e
2643,e
2644,p
2645,p
2647,e
2648,e
2650,p
2652,e
2653,p
2655,p
2657,p
2658,e
2661,e
2663,p
2664,e
2667,e
2669,e
2670,e
2672,e
2676,p
2678,e
2682,p
2686,e
2689,p
2690,p
2693,p
2694,p
2696,e
2700,p
2701,e
2702,p
2703,p
2705,p
2706,e
2707,p
2708,e
2709,e
2713,p
2714,p
2716,p
2717,p
2718,e
2719,p
2720,e
2724,e
2726,p
2728,p
2729,p
2730,e
2731,p
2734,p
2735,p
2738,e
2740,p
2747,e
2749,e
2752,p
2753,p
2754,e
2755,p
2756,e
2758,p
2759,e
2760,e
2761,p
2762,e
2764,p
2768,e
2769,p
2772,p
2773,p
2774,p
2776,e
2777,e
2782,e
2784,e
2790,e
2793,e
2795,e
2796,e
2797,p
2799,p
2804,p
2805,e
2806,e
2812,e
2815,e
2817,e
2818,e
2819,p
2823,p
2824,p
2826,e
2828,e
2829,p
2830,e
2831,p
2832,p
2836,p
2838,e
2839,e
2841,p
2843,p
2846,p
2847,p
2848,p
2849,p
2851,e
2853,p
2854,e
2858,p
2859,p
2861,p
2865,e
2866,e
2868,e
2869,p
2872,p
2873,e
2875,e
2876,e
2877,p
2883,e
2884,p
2887,e
2888,p
2889,e
2890,e
2891,e
2892,p
2894,e
2895,e
2898,p
2899,e
2902,e
2905,p
2909,e
2911,p
2913,e
2915,e
2916,e
2917,p
2920,p
2921,e
2923,e
2929,e
2931,p
2932,p
2933,e
2936,e
2938,p
2939,e
2940,p
2942,p
2943,e
2944,e
2946,e
2948,e
2949,p
2951,p
2955,e
2958,e
2959,p
2962,e
2966,p
2967,e
2971,e
2972,p
2975,e
2976,p
2980,e
2983,e
2984,p
2986,e
2990,e
2994,e
2998,e
3000,e
3007,e
3009,e
3010,e
3013,e
3014,e
3016,p
3018,p
3019,p
3021,p
3025,e
3027,e
3028,p
3029,p
3030,e
3032,e
3034,p
3035,e
3036,e
3037,p
3039,p
3042,p
3043,e
3044,p
3046,p
3050,p
3051,p
3053,e
3054,p
3055,e
3059,p
3060,p
3063,p
3065,e
3066,p
3067,e
3069,p
3073,e
3074,p
3075,p
3079,e
3080,e
3081,p
3083,p
3086,e
3088,p
3090,e
3092,e
3093,e
3097,p
3098,e
3099,p
3100,p
3101,p
3104,p
3110,p
3112,p
3113,p
3117,p
3118,p
3119,e
3121,p
3124,p
3126,p
3130,p
3131,p
3132,p
3136,p
3138,p
3140,p
3147,e
3149,p
3150,p
3151,e
3152,p
3156,e
3157,p
3158,p
3160,p
3161,e
3162,p
3164,p
3166,e
3167,p
3169,e
3170,e
3171,p
3172,e
3175,p
3176,e
3180,p
3181,e
3182,e
3183,p
3184,e
3188,p
3192,p
3194,p
3197,e
3200,p
3202,p
3203,e
3207,e
3209,p
3212,p
3213,p
3214,e
3220,p
3222,e
3223,p
3225,p
3233,p
3234,e
3235,e
3239,p
3240,e
3241,e
3242,p
3243,e
3251,p
3253,e
3255,e
3260,e
3261,e
3262,p
3263,p
3266,e
3267,p
3269,p
3270,e
3276,e
3277,e
3281,e
3284,p
3286,e
3287,p
3289,e
3294,p
3296,p
3297,p
3302,p
3303,e
3304,e
3305,p
3307,p
3311,e
3312,e
3315,p
3318,p
3319,p
3320,e
3322,e
3323,p
3326,p
3327,p
3332,e
3335,e
3338,p
3341,p
3343,e
3345,e
3348,p
3350,p
3351,p
3352,p
3353,e
3354,p
3355,e
3357,p
3358,e
3359,p
3363,p
3365,p
3367,e
3368,p
3369,e
3373,e
3374,e
3375,e
3376,p
3378,p
3379,e
3380,e
3381,p
3382,e
3388,p
3389,e
3391,e
3397,e
3402,p
3403,p
3407,p
3408,p
3410,e
3411,p
3412,e
3414,p
3420,p
3424,p
3426,e
3427,e
3428,p
3429,p
3431,e
3432,p
3433,p
3434,p
3435,p
3439,e
3440,e
3443,p
3447,p
3448,e
3449,e
3453,p
3456,p
3457,e
3460,p
3461,p
3464,p
3471,e
3472,e
3473,p
3474,p
3476,p
3479,p
3480,e
3481,p
3482,p
3484,p
3485,e
3487,e
3488,p
3490,e
3493,p
3497,e
3498,p
3501,p
3503,e
3507,p
3508,e
3509,p
3514,e
3515,p
3517,e
3518,p
3519,e
3520,e
3522,p
3523,p
3524,p
3526,e
3528,e
3534,e
3535,e
3537,p
3538,e
3539,e
3540,e
3542,e
3544,e
3545,e
3551,e
3552,p
3553,e
3554,p
3558,e
3559,e
3563,p
3564,p
3565,p
3566,p
3568,p
3570,e
3571,e
3572,e
3573,p
3580,p
3581,e
3583,p
3584,p
3585,p
3586,p
3587,e
3594,e
3595,p
3597,e
3598,p
3601,e
3603,e
3605,e
3608,p
3609,p
3614,p
3615,e
3616,p
3617,e
3618,p
3619,e
3620,e
3626,e
3628,e
3629,p
3631,p
3634,p
3635,e
3636,e
3637,e
3638,e
3639,p
3640,e
3641,p
3643,e
3645,e
3646,e
3647,e
3648,p
3650,p
3651,p
3652,p
3653,p
3654,p
3655,e
3656,e
3657,e
3658,p
3660,e
3662,p
3663,p
3664,e
3667,p
3669,e
3671,e
3672,p
3673,e
3677,e
3679,e
3680,e
3681,e
3682,p
3683,p
3684,e
3687,e
3688,p
3689,p
3690,e
3691,p
3694,p
3696,p
3697,p
3698,e
3699,e
3700,p
3701,e
3705,p
3706,e
3709,e
3710,p
3711,e
3712,p
3714,e
3719,e
3723,p
3724,e
3725,e
3726,e
3728,e
3731,p
3733,e
3735,p
3736,e
3739,p
3740,e
3743,p
3744,e
3750,p
3753,p
3754,p
3756,p
3757,p
3759,p
3760,e
3761,p
3766,e
3768,p
3769,p
3771,e
3774,p
3775,e
3776,e
3777,p
3779,p
3780,e
3783,p
3784,e
3788,e
3789,p
3790,e
3791,p
3795,e
3803,p
3805,e
3807,e
3810,e
3812,p
3814,e
3822,p
3826,e
3828,p
3829,p
3833,e
3838,e
3840,e
3842,p
3844,p
3847,e
3848,p
3849,e
3850,e
3852,e
3855,e
3856,e
3858,p
3861,e
3862,p
3864,e
3865,e
3872,p
3873,e
3874,e
3875,e
3879,p
3883,p
3884,p
3885,e
3888,p
3890,e
3891,p
3894,p
3895,p
3896,e
3900,e
3902,p
3904,p
3906,p
3907,e
3908,p
3909,p
3910,p
3913,p
3914,p
3916,e
3921,p
3924,e
3925,p
3926,p
3927,p
3930,p
3931,e
3932,e
3935,p
3936,p
3937,e
3939,e
3943,p
3944,p
3950,e
3951,p
3953,p
3954,p
3955,e
3956,e
3957,e
3960,p
3964,e
3972,p
3974,e
3975,e
3976,p
3977,e
3978,p
3981,p
3986,e
3987,p
3989,e
3990,p
3991,p
3992,p
3993,p
3994,p
3996,p
3998,p
4001,p
4002,e
4003,p
4004,p
4008,p
4013,p
4015,p
4016,e
4017,e
4018,e
4019,e
4021,p
4024,p
4026,e
4029,e
4030,p
4031,p
4032,p
4034,p
4035,p
4036,e
4041,p
4045,e
4046,e
4050,p
4052,e
4053,p
4055,e
4059,e
4060,e
4061,p
4063,e
4064,e
4065,p
4068,p
4070,p
4074,p
4076,p
4083,p
4084,e
4085,e
4086,e
4088,e
4092,p
4095,p
4096,p
4097,e
4098,p
4100,p
4101,p
4105,p
4106,e
4109,e
4110,p
4111,p
4115,e
4117,e
4118,e
4119,p
4120,p
4121,p
4123,e
4125,e
4126,p
4127,p
4129,e
4130,e
4132,p
4133,e
4135,e
4136,e
4138,p
4139,e
4140,p
4141,e
4145,e
4148,p
4149,e
4152,e
4153,e
4156,e
4157,p
4160,e
4162,e
4164,p
4166,e
4167,e
4168,e
4169,p
4170,p
4172,e
4175,p
4178,p
4179,p
4183,p
4184,e
4185,p
4189,e
4193,e
4194,p
4196,p
4197,e
4198,e
4200,e
4202,e
4209,e
4213,e
4214,p
4216,e
4218,e
4220,e
4221,p
4222,p
4225,p
4228,p
4230,e
4231,p
4233,e
4234,e
4235,p
4237,p
4238,p
4240,p
4244,e
4245,p
4246,p
4247,e
4250,e
4252,p
4254,e
4255,e
4257,e
4258,p
4261,e
4265,e
4266,e
4269,e
4270,p
4271,p
4273,p
4275,e
4276,p
4278,p
4281,e
4282,p
4284,p
4285,e
4286,p
4288,p
4291,p
4298,p
4299,p
4301,e
4302,e
4303,p
4304,e
4308,p
4310,p
4311,e
4312,e
4313,e
4314,p
4316,p
4319,e
4320,p
4323,e
4324,p
4328,e
4337,p
4338,e
4339,p
4340,e
4341,p
4344,e
4346,p
4348,e
4349,e
4355,p
4357,p
4359,e
4360,e
4362,e
4364,p
4365,p
4367,e
4374,e
4375,e
4376,e
4379,e
4381,p
4382,p
4388,e
4389,e
4390,e
4391,p
4392,e
4394,e
4395,p
4397,e
4398,e
4399,e
4400,e
4401,e
4402,e
4404,p
4405,e
4406,p
4407,e
4408,p
4410,e
4411,e
4412,p
4413,p
4415,p
4418,p
4422,e
4424,e
4425,p
4426,p
4428,p
4429,p
4430,e
4433,e
4434,e
4439,p
4441,p
4443,p
4445,p
4446,p
4447,p
4448,e
4456,p
4458,p
4459,p
4463,p
4465,e
4472,e
4474,p
4475,e
4476,e
4477,e
4479,e
4481,e
4482,p
4486,p
4487,p
4488,p
4490,e
4492,e
4493,p
4494,e
4495,e
4498,p
4499,e
4500,e
4501,e
4502,e
4504,e
4506,e
4507,p
4508,e
4511,e
4512,p
4513,p
4514,e
4518,e
4519,e
4520,e
4521,p
4523,e
4527,p
4530,e
4532,e
4539,e
4540,e
4542,e
4543,p
4548,e
4549,p
4551,e
4553,p
4554,e
4556,e
4557,e
4559,e
4561,e
4565,p
4568,e
4576,p
4577,p
4578,e
4579,e
4581,e
4582,p
4583,e
4585,e
4586,e
4589,e
4592,p
4595,p
4596,e
4597,p
4601,p
4603,p
4606,p
4608,p
4609,e
4610,p
4612,e
4613,e
4615,e
4616,e
4617,e
4619,p
4622,e
4623,p
4624,e
4625,p
4626,p
4629,p
4630,p
4633,e
4634,p
4638,p
4639,p
4641,e
4642,p
4643,p
4644,e
4646,p
4649,e
4654,p
4655,p
4656,e
4658,p
4659,p
4660,e
4661,e
4663,p
4664,e
4665,p
4666,e
4668,e
4671,p
4672,e
4673,e
4674,p
4675,e
4676,p
4677,p
4678,e
4681,p
4683,p
4685,p
4686,e
4687,e
4688,e
4692,p
4694,e
4695,p
4696,p
4697,e
4700,p
4701,p
4705,p
4706,p
4707,p
4711,e
4713,e
4715,p
4716,e
4717,e
4719,p
4721,p
4725,e
4727,p
4730,e
4731,e
4732,e
4734,e
4737,p
4739,p
4740,e
4743,p
4744,e
4747,e
4749,e
4750,p
4752,e
4753,e
4755,e
4757,e
4760,e
4761,e
4763,p
4764,e
4766,e
4769,p
4770,p
4771,e
4772,e
4773,p
4778,e
4779,p
4780,e
4781,p
4782,e
4783,e
4784,e
4786,p
4788,e
4794,p
4797,e
4798,p
4799,p
4800,p
4802,e
4804,e
4807,e
4808,e
4809,e
4812,p
4813,e
4816,p
4821,e
4824,p
4826,p
4827,e
4831,p
4832,p
4836,e
4838,p
4839,p
4840,e
4842,e
4844,e
4846,p
4847,e
4848,p
4849,p
4852,e
4853,e
4854,e
4855,p
4857,e
4858,p
4861,p
4864,e
4865,e
4869,p
4871,e
4872,p
4873,e
4874,e
4875,e
4880,p
4886,p
4887,p
4890,p
4891,p
4892,e
4894,p
4895,p
4897,e
4899,p
4900,p
4901,e
4902,e
4904,p
4906,p
4908,e
4911,e
4912,p
4915,e
4916,e
4918,p
4919,p
4920,e
4921,p
4922,e
4925,p
4928,e
4929,p
4932,e
4936,e
4937,p
4938,p
4941,p
4942,p
4943,p
4944,e
4945,e
4947,p
4948,e
4956,p
4957,e
4958,p
4960,e
4962,p
4963,p
4964,p
4965,e
4967,e
4973,e
4974,p
4976,e
4977,p
4978,e
4979,e
4982,e
4986,p
4987,p
4990,e
4991,p
4992,e
4993,e
4994,e
4995,e
4996,p
5001,p
5002,e
5006,p
5007,e
5010,e
5013,e
5014,e
5016,e
5018,e
5020,p
5022,e
5023,p
5024,p
5030,e
5031,p
5032,p
5033,p
5035,p
5036,p
5038,p
5040,e
5045,e
5047,e
5048,p
5051,e
5053,p
5054,p
5058,e
5059,p
5060,e
5061,e
5063,p
5064,p
5065,e
5066,p
5067,e
5069,e
5073,p
5075,e
5078,e
5081,p
5085,p
5087,e
5091,e
5092,p
5093,p
5094,p
5095,p
5097,p
5099,p
5101,p
5105,e
5110,e
5111,e
5114,e
5117,p
5119,p
5121,p
5128,e
5129,p
5133,p
5134,p
5135,p
5136,p
5138,e
5139,e
5140,e
5143,p
5147,e
5148,e
5150,p
5152,p
5155,e
5160,p
5164,p
5165,p
5166,p
5167,p
5169,e
5174,e
5175,p
5176,e
5177,p
5178,e
5183,p
5186,p
5187,e
5189,e
5190,p
5191,p
5193,e
5194,p
5196,e
5197,p
5198,p
5210,e
5211,p
5214,e
5215,e
5220,e
5221,p
5223,e
5224,e
5225,p
5227,e
5233,e
5234,p
5236,e
5242,e
5243,p
5244,p
5246,e
5247,p
5248,p
5253,p
5254,e
5255,e
5256,p
5257,e
5258,p
5260,p
5266,e
5267,p
5270,e
5274,p
5275,e
5279,e
5280,p
5281,e
5282,e
5284,e
5286,e
5287,p
5291,p
5292,e
5295,e
5296,p
5297,p
5300,e
5301,e
5304,e
5306,e
5307,e
5313,p
5314,e
5316,p
5318,e
5319,e
5322,p
5325,p
5326,p
5327,p
5328,p
5329,e
5331,p
5332,e
5336,p
5338,e
5340,e
5341,e
5342,p
5348,e
5349,p
5350,p
5351,e
5352,e
5353,e
5354,e
5355,p
5357,e
5358,e
5359,e
5362,e
5363,e
5364,e
5365,p
5366,e
5367,e
5369,p
5371,p
5372,p
5373,e
5376,p
5377,e
5378,p
5379,p
5380,e
5381,e
5383,e
5384,e
5386,e
5387,e
5388,e
5395,e
5396,e
5397,e
5399,p
5406,e
5409,e
5413,e
5414,e
5415,e
5416,e
5417,e
5418,e
5419,p
5420,p
5422,e
5423,e
5424,p
5426,p
5427,e
5428,e
5430,p
5431,p
5432,e
5433,p
5435,p
5436,e
5437,e
5439,p
5445,p
5449,p
5450,p
5451,e
5452,e
5454,e
5455,p
5456,p
5458,p
5459,p
5460,p
5462,e
5463,p
5466,p
5467,p
5468,e
5469,e
5470,e
5472,e
5473,e
5475,e
5476,e
5478,e
5480,e
5481,e
5482,p
5483,e
5484,e
5486,e
5488,e
5489,e
5493,p
5495,e
5504,e
5506,p
5510,e
5511,e
5515,p
5516,e
5518,e
5519,e
5520,e
5523,e
5524,p
5526,e
5527,e
5528,p
5530,e
5542,p
5543,p
5544,e
5545,p
5546,p
5553,p
5554,e
5556,p
5558,p
5559,e
5560,p
5561,e
5563,e
5564,e
5565,e
5567,p
5568,p
5570,p
5571,p
5572,p
5574,e
5575,e
5577,e
5583,e
5585,e
5586,p
5587,e
5588,p
5589,p
5590,p
5591,p
5592,p
5594,e
5595,p
5597,e
5598,e
5599,e
5600,p
5602,p
5605,e
5606,p
5607,p
5608,p
5609,e
5614,p
5615,e
5619,p
5621,p
5622,e
5625,e
5626,e
5628,p
5629,e
5631,p
5633,p
5636,e
5639,e
5640,e
5642,p
5645,p
5648,e
5650,e
5651,p
5655,p
5656,e
5658,p
5665,e
5667,p
5668,p
5669,e
5671,e
5678,p
5680,e
5682,e
5683,p
5684,p
5685,e
5686,p
5687,e
5688,p
5689,e
5694,p
5695,e
5697,p
5699,e
5702,e
5707,p
5712,e
5716,p
5717,e
5721,e
5723,p
5728,p
5731,e
5732,e
5733,p
5734,e
5737,e
5741,e
5743,p
5744,p
5745,e
5748,p
5750,e
5751,e
5752,e
5753,p
5754,e
5757,e
5762,e
5765,p
5767,p
5771,p
5775,e
5776,p
5777,e
5780,p
5782,e
5783,e
5787,e
5788,p
5789,p
5790,p
5791,p
5792,e
5793,e
5796,p
5797,e
5798,p
5799,p
5803,p
5804,p
5805,p
5806,e
5807,p
5808,e
5809,e
5811,e
5812,p
5813,p
5817,p
5820,p
5822,p
5826,e
5828,e
5830,p
5832,p
5833,e
5834,p
5835,p
5836,p
5838,p
5841,e
5843,p
5844,e
5845,e
5847,e
5848,e
5852,p
5854,e
5855,p
5856,e
5858,e
5859,e
5860,p
5861,e
5866,e
5868,e
5869,p
5870,e
5871,p
5872,p
5875,e
5877,p
5878,e
5879,p
5880,e
5881,p
5885,p
5886,e
5887,p
5888,p
5889,e
5891,p
5892,e
5893,p
5897,e
5898,e
5902,e
5903,p
5904,e
5907,e
5909,p
5914,p
5916,p
5917,e
5920,e
5922,e
5923,p
5925,e
5927,e
5928,p
5931,e
5932,p
5934,p
5935,p
5938,p
5941,p
5942,p
5946,e
5949,e
5951,e
5952,e
5957,e
5958,e
5959,p
5962,e
5964,p
5965,p
5968,e
5969,p
5971,e
5972,e
5976,e
5980,e
5981,e
5982,p
5983,p
5986,e
5988,e
5990,p
5991,e
5994,e
5997,e
5998,e
6002,e
6003,e
6005,p
6008,p
6013,p
6014,e
6018,e
6019,e
6023,e
6024,p
6025,p
6027,p
6032,e
6035,e
6039,p
6040,e
6041,p
6043,e
6044,p
6045,e
6049,p
6050,e
6051,p
6055,p
6058,e
6059,p
6060,e
6061,p
6065,p
6068,e
6072,e
6073,e
6076,e
6077,p
6078,e
6079,p
6083,e
6084,e
6085,e
6086,e
6087,e
6088,e
6100,e
6104,e
6106,p
6109,e
6111,e
6112,p
6113,e
6115,p
6121,p
6126,e
6129,e
6131,p
6133,e
6134,e
6135,e
6136,p
6139,p
6140,e
6142,e
6144,p
6146,p
6147,e
6149,e
6150,p
6156,e
6159,p
6161,e
6162,p
6166,e
6168,e
6169,p
6174,e
6178,e
6181,p
6183,e
6184,p
6189,p
6191,e
6193,p
6196,e
6197,p
6198,p
6199,p
6200,e
6201,e
6202,e
6204,p
6206,e
6207,e
6210,p
6211,e
6212,e
6214,p
6215,p
6217,e
6219,e
6220,e
6221,e
6222,e
6223,p
6224,e
6225,p
6226,e
6227,p
6228,e
6229,e
6230,e
6231,p
6233,e
6236,p
6238,p
6239,p
6243,p
6244,e
6247,e
6249,e
6251,p
6254,p
6259,e
6262,e
6263,p
6264,p
6266,e
6268,p
6269,p
6270,e
6274,e
6276,e
6277,p
6279,e
6280,e
6283,e
6285,p
6286,e
6289,e
6292,p
6293,e
6294,e
6296,e
6300,p
6301,e
6302,p
6306,e
6311,e
6312,p
6315,e
6317,p
6318,p
6319,p
6321,p
6322,p
6323,e
6327,p
6328,p
6332,p
6333,p
6334,p
6336,p
6337,e
6338,e
6339,e
6340,e
6344,p
6345,p
6346,p
6349,e
6350,p
6353,p
6357,p
6358,e
6359,e
6363,p
6364,e
6365,p
6366,e
6368,p
6371,e
6372,p
6373,p
6374,p
6375,p
6377,p
6380,p
6381,e
6382,p
6383,p
6384,e
6387,e
6389,p
6390,e
6391,e
6392,e
6395,e
6396,p
6397,p
6400,p
6401,p
6402,e
6403,p
6406,p
6409,e
6411,p
6412,p
6413,p
6414,p
6416,p
6418,p
6420,e
6423,p
6433,p
6438,e
6439,e
6440,p
6441,e
6443,e
6444,e
6447,p
6449,e
6451,p
6452,p
6453,e
6454,p
6457,e
6459,e
6463,p
6464,p
6465,p
6466,p
6468,e
6471,p
6472,p
6473,e
6475,p
6478,p
6482,p
6487,p
6488,e
6491,e
6492,e
6494,p
6497,p
6498,p
6500,p
6504,p
6507,p
6508,e
6510,e
6511,e
6512,e
6518,e
6520,p
6522,e
6526,e
6527,e
6528,e
6529,e
6532,e
6539,p
6541,e
6545,e
6546,p
6548,p
6549,p
6550,e
6551,e
6555,e
6556,e
6559,e
6560,p
6562,e
6563,e
6568,p
6569,p
6571,p
6572,p
6574,p
6576,p
6577,p
6579,p
6581,e
6582,e
6583,e
6584,p
6586,p
6587,p
6589,e
6591,p
6595,p
6596,p
6597,p
6602,p
6603,e
6608,p
6609,e
6610,p
6611,p
6614,p
6616,e
6620,p
6622,p
6623,p
6626,p
6630,p
6631,p
6632,e
6633,e
6635,p
6638,e
6641,e
6643,p
6644,p
6645,e
6647,p
6652,e
6655,p
6656,e
6657,e
6658,e
6659,p
6660,e
6661,e
6662,e
6663,p
6664,p
6665,e
6666,e
6670,e
6671,e
6672,e
6673,p
6674,p
6677,p
6681,p
6682,e
6683,p
6684,p
6686,e
6688,p
6693,e
6694,e
6696,p
6697,e
6699,e
6701,p
6702,p
6706,e
6708,e
6710,p
6714,p
6715,e
6717,p
6718,p
6719,e
6720,e
6721,e
6723,e
6725,e
6727,e
6728,p
6730,e
6733,p
6734,p
6736,e
6740,p
6741,e
6742,p
6748,p
6749,p
6750,e
6752,p
6753,p
6756,e
6759,e
6760,p
6762,e
6763,e
6766,p
6767,p
6768,e
6769,e
6770,e
6771,p
6774,e
6778,e
6779,p
6780,e
6782,p
6783,e
6786,p
6788,p
6791,e
6792,e
6794,e
6796,e
6798,p
6799,e
6801,p
6802,e
6804,p
6805,e
6806,e
6807,e
6810,e
6812,p
6813,p
6815,p
6816,e
6817,e
6818,p
6821,p
6826,e
6828,e
6829,p
6830,p
6831,p
6832,p
6836,p
6837,e
6839,e
6841,p
6842,e
6843,e
6847,p
6848,e
6850,p
6852,e
6853,e
6855,e
6857,p
6859,e
6861,p
6864,e
6865,p
6866,e
6868,e
6875,e
6880,p
6881,p
6882,e
6884,p
6888,e
6894,p
6896,p
6897,e
6899,p
6900,e
6902,e
6904,p
6905,p
6908,e
6909,e
6911,e
6916,p
6918,p
6919,p
6920,p
6924,p
6925,e
6927,e
6932,p
6933,p
6937,e
6940,p
6941,e
6944,e
6946,p
6948,p
6951,e
6954,e
6955,e
6956,p
6957,p
6958,e
6961,e
6962,e
6963,p
6965,e
6966,e
6967,e
6970,p
6971,p
6975,e
6977,e
6979,p
6982,e
6983,e
6985,p
6986,e
6989,e
6991,e
6992,e
6993,p
6997,p
6998,p
7000,e
7002,e
7003,p
7004,e
7005,e
7006,p
7010,e
7014,p
7016,p
7018,e
7019,p
7023,e
7024,e
7025,p
7029,p
7030,p
7031,p
7035,p
7037,p
7039,e
7041,e
7042,e
7044,e
7047,p
7049,e
7050,p
7051,e
7052,p
7053,e
7055,e
7056,p
7059,p
7060,p
7061,e
7064,e
7066,e
7067,p
7068,e
7069,e
7072,p
7079,e
7080,e
7081,e
7082,p
7083,e
7085,p
7086,e
7087,e
7088,p
7090,p
7096,e
7104,p
7105,e
7106,e
7107,p
7109,e
7110,e
7113,p
7114,p
7115,p
7116,p
7117,p
7118,e
7120,p
7121,p
7123,e
7124,e
7126,e
7128,p
7131,p
7132,p
7133,p
7135,e
7137,e
7138,e
7140,e
7145,e
7147,e
7149,e
7150,p
7151,e
7153,e
7154,p
7158,e
7162,e
7164,e
7166,p
7169,p
7175,e
7176,e
7177,e
7178,e
7180,p
7182,p
7183,p
7186,e
7188,e
7189,p
7191,p
7192,e
7195,p
7198,p
7199,p
7201,e
7205,e
7212,e
7214,e
7215,p
7216,p
7218,e
7223,p
7227,e
7228,e
7232,e
7236,e
7237,e
7239,p
7240,p
7243,e
7247,p
7251,e
7256,p
7257,p
7258,e
7261,e
7267,e
7271,p
7272,e
7277,e
7279,e
7280,p
7281,p
7283,p
7284,e
7285,p
7293,e
7294,p
7295,e
7300,p
7301,e
7303,p
7304,p
7306,p
7307,p
7308,e
7311,e
7313,e
7314,p
7320,e
7321,e
7322,e
7325,p
7328,e
7330,e
7332,p
7333,e
7336,e
7337,p
7338,p
7340,e
7342,p
7348,e
7349,e
7350,e
7354,e
7355,e
7356,e
7357,e
7359,p
7360,e
7363,e
7370,p
7371,p
7374,p
7379,p
7381,e
7382,e
7383,p
7388,e
7390,e
7392,e
7394,e
7398,e
7399,e
7400,p
7401,e
7403,e
7404,p
7405,e
7407,e
7409,p
7410,e
7411,p
7412,p
7413,p
7415,p
7419,e
7420,e
7423,e
7424,e
7426,p
7427,e
7429,e
7431,e
7434,e
7435,e
7436,p
7439,p
7440,p
7442,p
7443,e
7445,p
7449,p
7453,p
7459,e
7460,e
7462,e
7464,p
7466,p
7467,p
7469,p
7471,p
7473,p
7474,p
7477,p
7479,e
7480,p
7484,p
7485,e
7486,p
7487,p
7491,e
7492,p
7493,e
7494,p
7496,p
7498,p
7499,e
7502,e
7503,p
7504,e
7505,e
7506,e
7507,e
7508,p
7509,p
7514,e
7515,e
7516,e
7517,e
7519,e
7532,e
7533,p
7534,e
7535,p
7537,p
7541,p
7544,e
7547,p
7548,e
7550,e
7551,p
7553,p
7554,e
7556,p
7559,p
7560,e
7561,e
7562,p
7565,e
7566,e
7567,p
7568,p
7569,p
7570,e
7571,e
7572,e
7573,p
7576,p
7577,p
7578,p
7580,e
7582,e
7584,e
7585,e
7586,p
7588,p
7590,p
7592,p
7593,e
7596,p
7598,p
7600,e
7602,p
7604,e
7605,e
7607,e
7608,p
7609,e
7611,e
7613,e
7615,p
7616,e
7618,e
7624,e
7625,p
7626,p
7627,e
7628,e
7629,e
7630,e
7631,e
7633,e
7634,p
7636,e
7638,p
7639,p
7645,e
7646,p
7647,e
7650,e
7651,e
7652,p
7653,p
7657,e
7658,e
7663,p
7664,p
7665,p
7666,p
7671,p
7675,e
7676,p
7678,p
7681,e
7685,p
7686,e
7688,p
7689,e
7694,p
7698,p
7705,p
7706,e
7708,p
7711,p
7714,e
7715,e
7716,e
7718,p
7723,e
7725,e
7726,p
7727,e
7728,p
7729,p
7733,p
7734,p
7735,e
7738,e
7739,e
7740,e
7744,e
7745,e
7746,e
7751,p
7752,p
7753,e
7755,e
7760,e
7761,e
7764,p
7770,e
7772,e
7775,e
7777,p
7779,e
7780,p
7781,e
7784,e
7786,e
7791,p
7792,e
7794,e
7796,e
7797,p
7799,p
7801,e
7804,e
7808,e
7810,p
7811,p
7812,p
7813,p
7814,p
7816,e
7819,p
7821,e
7822,e
7826,p
7828,p
7829,e
7831,p
7832,p
7839,p
7840,e
7842,p
7843,p
7845,e
7846,p
7847,p
7850,p
7853,p
7854,p
7855,e
7856,e
7858,p
7859,p
7861,p
7863,e
7864,e
7865,e
7866,p
7869,e
7870,p
7876,e
7878,p
7885,p
7888,p
7894,e
7895,e
7896,e
7898,p
7899,p
7900,e
7901,e
7902,p
7903,e
7908,p
7910,p
7911,p
7912,e
7915,e
7916,e
7919,e
7920,e
7921,p
7923,e
7928,e
7929,e
7932,e
7936,e
7937,e
7939,p
7941,p
7942,e
7944,p
7946,p
7949,p
7950,p
7951,p
7955,p
7956,e
7958,e
7959,p
7960,e
7963,e
7966,p
7968,p
7970,e
7971,p
7973,e
7975,e
7976,e
7977,e
7981,p
7982,e
7984,e
7988,p
7990,e
7993,p
7994,e
7995,p
7996,p
7998,p
8001,e
8003,e
8004,e
8005,p
8006,e
8007,e
8009,p
8010,e
8011,p
8012,e
8013,e
8014,p
8017,p
8018,p
8021,e
8026,e
8028,e
8029,p
8032,e
8035,p
8037,e
8040,p
8041,p
8042,p
8044,e
8045,e
8047,p
8048,e
8050,p
8051,p
8055,e
8058,e
8060,p
8061,p
8063,p
8064,p
8067,e
8072,p
8073,p
8076,p
8080,e
8081,e
8085,e
8086,p
8087,p
8088,p
8089,p
8091,e
8094,e
8096,e
8099,p
8100,e
8101,p
8102,e
8104,e
8107,p
8108,e
8111,e
8112,e
8114,e
8115,p
8116,e
8119,e
8120,e
8122,p
8123,e
